ua_string,device_type,os,browser
Mozilla/5.0 (Windows NT 10.0; Win64; x64) Chrome/112.0.0.0 Safari/537.36,Desktop,Windows,Chrome
Mozilla/5.0 (Windows NT 10.0; Win64; x64; rv:112.0) Gecko/20100101 Firefox/112.0,Desktop,Windows,Firefox
Mozilla/5.0 (Windows NT 10.0; Win64; x64) AppleWebKit/537.36 (KHTML, like Gecko) Edge/112.0.1722.48 Safari/537.36,Desktop,Windows,Edge
Mozilla/5.0 (Macintosh; Intel Mac OS X 10_15_7) Safari/605.1.15,Desktop,macOS,Safari
Mozilla/5.0 (Macintosh; Intel Mac OS X 10_15_7) Chrome/112.0.0.0 Safari/537.36,Desktop,macOS,Chrome
Mozilla/5.0 (Macintosh; Intel Mac OS X 10_15_7) Firefox/112.0,Desktop,macOS,Firefox
Mozilla/5.0 (X11; Ubuntu; Linux x86_64) Firefox/112.0,Desktop,Linux,Firefox
Mozilla/5.0 (X11; Linux x86_64) Chrome/112.0.5615.136 Safari/537.36,Desktop,Linux,Chrome
Mozilla/5.0 (X11; Linux x86_64) Safari/537.36,Desktop,Linux,Safari
Mozilla/5.0 (iPhone; CPU iPhone OS 16_4 like Mac OS X) AppleWebKit/604.1.15 Mobile Safari/604.1,Mobile,iOS,Safari
Mozilla/5.0 (iPhone; CPU iPhone OS 16_4 like Mac OS X) Chrome/112.0.5615.136 Mobile Safari/537.36,Mobile,iOS,Chrome
Mozilla/5.0 (iPhone; CPU iPhone OS 16_4 like Mac OS X) Firefox/112.0 Mobile/15E148,Mobile,iOS,Firefox
Mozilla/5.0 (iPad; CPU OS 16_4 like Mac OS X) Safari/604.1,Tablet,iOS,Safari
Mozilla/5.0 (iPad; CPU OS 16_4 like Mac OS X) Chrome/112.0.5615.136 Mobile Safari/537.36,Tablet,iOS,Chrome
Mozilla/5.0 (Linux; Android 13; Pixel 7) Chrome/112.0.5615.136 Mobile Safari/537.36,Mobile,Android,Chrome
Mozilla/5.0 (Linux; Android 13; Pixel 7) Firefox/112.0 Mobile Safari/537.36,Mobile,Android,Firefox
Mozilla/5.0 (Linux; Android 13; Pixel 7) Safari/537.36,Mobile,Android,Safari
Mozilla/5.0 (Linux; Android 12; Samsung Galaxy S22) Chrome/112.0.5615.136 Mobile Safari/537.36,Mobile,Android,Chrome
Mozilla/5.0 (Linux; Android 12; Samsung Galaxy S22) Firefox/112.0 Mobile Safari/537.36,Mobile,Android,Firefox
Mozilla/5.0 (Linux; Android 12; Samsung Galaxy S22) Safari/537.36,Mobile,Android,Safari
Mozilla/5.0 (Linux; Android 11; Xiaomi Mi 11) Chrome/112.0.5615.136 Mobile Safari/537.36,Mobile,Android,Chrome
Mozilla/5.0 (Linux; Android 11; Xiaomi Mi 11) Firefox/112.0 Mobile Safari/537.36,Mobile,Android,Firefox
Mozilla/5.0 (Linux; Android 11; Xiaomi Mi 11) Safari/537.36,Mobile,Android,Safari
Mozilla/5.0 (Linux; Android 10; Huawei P40) Chrome/112.0.5615.136 Mobile Safari/537.36,Mobile,Android,Chrome
Mozilla/5.0 (Linux; Android 10; Huawei P40) Firefox/112.0 Mobile Safari/537.36,Mobile,Android,Firefox
Mozilla/5.0 (Linux; Android 10; Huawei P40) Safari/537.36,Mobile,Android,Safari
Mozilla/5.0 (Linux; Android 9; OnePlus 7T) Chrome/112.0.5615.136 Mobile Safari/537.36,Mobile,Android,Chrome
Mozilla/5.0 (Linux; Android 9; OnePlus 7T) Firefox/112.0 Mobile Safari/537.36,Mobile,Android,Firefox
Mozilla/5.0 (Linux; Android 9; OnePlus 7T) Safari/537.36,Mobile,Android,Safari
Mozilla/5.0 (Linux; Android 8.1; Nokia 7 Plus) Chrome/112.0.5615.136 Mobile Safari/537.36,Mobile,Android,Chrome
Mozilla/5.0 (Linux; Android 8.1; Nokia 7 Plus) Firefox/112.0 Mobile Safari/537.36,Mobile,Android,Firefox
Mozilla/5.0 (Linux; Android 8.1; Nokia 7 Plus) Safari/537.36,Mobile,Android,Safari
Mozilla/5.0 (Linux; Android 7.1; LG G6) Chrome/112.0.5615.136 Mobile Safari/537.36,Mobile,Android,Chrome
Mozilla/5.0 (Linux; Android 7.1; LG G6) Firefox/112.0 Mobile Safari/537.36,Mobile,Android,Firefox
Mozilla/5.0 (Linux; Android 7.1; LG G6) Safari/537.36,Mobile,Android,Safari
Mozilla/5.0 (Linux; Android 6.0; Sony Xperia Z5) Chrome/112.0.5615.136 Mobile Safari/537.36,Mobile,Android,Chrome
Mozilla/5.0 (Linux; Android 6.0; Sony Xperia Z5) Firefox/112.0 Mobile Safari/537.36,Mobile,Android,Firefox
Mozilla/5.0 (Linux; Android 6.0; Sony Xperia Z5) Safari/537.36,Mobile,Android,Safari
Mozilla/5.0 (Linux; Android 5.1; Motorola Moto G4) Chrome/112.0.5615.136 Mobile Safari/537.36,Mobile,Android,Chrome
Mozilla/5.0 (Linux; Android 5.1; Motorola Moto G4) Firefox/112.0 Mobile Safari/537.36,Mobile,Android,Firefox
Mozilla/5.0 (Linux; Android 5.1; Motorola Moto G4) Safari/537.36,Mobile,Android,Safari
Mozilla/5.0 (Linux; Android 4.4; HTC One M8) Chrome/112.0.5615.136 Mobile Safari/537.36,Mobile,Android,Chrome
Mozilla/5.0 (Linux; Android 4.4; HTC One M8) Firefox/112.0 Mobile Safari/537.36,Mobile,Android,Firefox
Mozilla/5.0 (Linux; Android 4.4; HTC One M8) Safari/537.36,Mobile,Android,Safari
Mozilla/5.0 (Windows NT 10.0; Win64; x64) Edge/112.0.1722.48 Safari/537.36,Desktop,Windows,Edge
Mozilla/5.0 (Linux; Android 11; Xiaomi Mi 11) Chrome/112.0.5615.136 Mobile Safari/537.36,Mobile,Android,Chrome
Mozilla/5.0 (Linux; Android 11; Xiaomi Mi 11) Firefox/112.0 Mobile Safari/537.36,Mobile,Android,Firefox
Mozilla/5.0 (Linux; Android 11; Xiaomi Mi 11) Safari/537.36,Mobile,Android,Safari
Mozilla/5.0 (Linux; Android 10; Huawei P40) Chrome/112.0.5615.136 Mobile Safari/537.36,Mobile,Android,Chrome
Mozilla/5.0 (Linux; Android 10; Huawei P40) Firefox/112.0 Mobile Safari/537.36,Mobile,Android,Firefox
Mozilla/5.0 (Linux; Android 10; Huawei P40) Safari/537.36,Mobile,Android,Safari
Mozilla/5.0 (Linux; Android 9; OnePlus 7T) Chrome/112.0.5615.136 Mobile Safari/537.36,Mobile,Android,Chrome
Mozilla/5.0 (Linux; Android 9; OnePlus 7T) Firefox/112.0 Mobile Safari/537.36,Mobile,Android,Firefox
Mozilla/5.0 (Linux; Android 9; OnePlus 7T) Safari/537.36,Mobile,Android,Safari
Mozilla/5.0 (Linux; Android 8.1; Nokia 7 Plus) Chrome/112.0.5615.136 Mobile Safari/537.36,Mobile,Android,Chrome
Mozilla/5.0 (Linux; Android 8.1; Nokia 7 Plus) Firefox/112.0 Mobile Safari/537.36,Mobile,Android,Firefox
Mozilla/5.0 (Linux; Android 8.1; Nokia 7 Plus) Safari/537.36,Mobile,Android,Safari
Mozilla/5.0 (Linux; Android 7.1; LG G6) Chrome/112.0.5615.136 Mobile Safari/537.36,Mobile,Android,Chrome
Mozilla/5.0 (Linux; Android 7.1; LG G6) Firefox/112.0 Mobile Safari/537.36,Mobile,Android,Firefox
Mozilla/5.0 (Linux; Android 7.1; LG G6) Safari/537.36,Mobile,Android,Safari
Mozilla/5.0 (Linux; Android 6.0; Sony Xperia Z5) Chrome/112.0.5615.136 Mobile Safari/537.36,Mobile,Android,Chrome
Mozilla/5.0 (Linux; Android 6.0; Sony Xperia Z5) Firefox/112.0 Mobile Safari/537.36,Mobile,Android,Firefox
Mozilla/5.0 (Linux; Android 6.0; Sony Xperia Z5) Safari/537.36,Mobile,Android,Safari
Mozilla/5.0 (Linux; Android 5.1; Motorola Moto G4) Chrome/112.0.5615.136 Mobile Safari/537.36,Mobile,Android,Chrome
Mozilla/5.0 (Linux; Android 5.1; Motorola Moto G4) Firefox/112.0 Mobile Safari/537.36,Mobile,Android,Firefox
Mozilla/5.0 (Linux; Android 5.1; Motorola Moto G4) Safari/537.36,Mobile,Android,Safari
Mozilla/5.0 (Linux; Android 4.4; HTC One M8) Chrome/112.0.5615.136 Mobile Safari/537.36,Mobile,Android,Chrome
Mozilla/5.0 (Linux; Android 4.4; HTC One M8) Firefox/112.0 Mobile Safari/537.36,Mobile,Android,Firefox
Mozilla/5.0 (Linux; Android 4.4; HTC One M8) Safari/537.36,Mobile,Android,Safari
